0.05,142.52,3.29,1,0.0,169.17
0.08,142.51,3.29,1,0.0,165.17
0.1,144.6,3.29,1,0.0,162.09
0.12,144.6,3.29,1,0.0,159.46
0.14,143.13,3.29,1,0.0,157.01
0.16,143.34,3.29,1,0.0,154.96
0.18,142.89,3.29,1,0.0,153.15
0.2,141.67,3.29,1,0.0,151.43
0.22,142.88,3.29,1,0.0,150.15
0.24,141.6,3.29,1,0.0,148.87
0.26,143.74,3.29,1,0.0,148.1
0.28,141.62,3.29,1,0.0,147.13
0.3,141.63,3.29,1,0.0,146.3
0.32,142.04,3.29,1,0.0,145.66
0.34,142.01,3.29,1,0.0,145.11
0.36,142.88,3.29,1,0.0,144.78
0.38,141.23,3.29,1,0.0,144.25
0.4,143.76,3.29,1,0.0,144.17
0.42,144.16,3.29,1,0.0,144.17
0.44,141.64,3.29,1,0.0,143.79
0.46,145.01,3.29,1,0.0,143.97
0.48,142.05,3.29,1,0.0,143.69
0.5,143.3,3.29,1,0.0,143.63
0.52,141.18,3.29,1,0.0,143.26
0.54,141.24,3.29,1,0.0,142.96
0.56,174.36,3.29,1,0.0,147.67
0.58,142.05,3.29,1,0.0,146.82
0.6,142.03,3.29,1,0.0,146.11
0.62,143.31,3.29,1,0.0,145.69
0.64,142.9,3.29,1,0.0,145.27
0.66,142.09,3.29,1,0.0,144.79
0.68,141.62,3.29,1,0.0,144.32
0.7,143.32,3.29,1,0.0,144.17
0.72,143.35,3.29,1,0.0,144.04
0.74,142.48,3.29,1,0.0,143.81
0.76,143.33,3.29,1,0.0,143.74
0.78,142.08,3.29,1,0.0,143.49
0.8,144.19,3.29,1,0.0,143.59
0.82,142.9,3.29,1,0.0,143.49
0.84,142.09,3.29,1,0.0,143.28
0.86,144.58,3.29,1,0.0,143.48
0.88,142.88,3.29,1,0.0,143.39
0.9,143.29,3.29,1,0.0,143.37
0.92,142.86,3.29,1,0.0,143.3
0.94,141.17,3.29,1,0.0,142.98
0.96,173.91,3.29,1,0.0,147.62
0.98,143.33,3.29,1,0.0,146.97
1.0,142.05,3.29,1,0.0,146.24
1.02,142.87,3.29,1,0.0,145.73
1.04,145.42,3.29,1,0.0,145.68
1.06,141.63,3.29,1,0.0,145.08
1.08,142.47,3.29,1,0.0,144.69
1.1,143.74,3.29,1,0.0,144.54
1.12,144.13,3.29,1,0.0,144.48
1.14,142.88,3.29,1,0.0,144.24
1.16,146.69,3.29,1,0.0,144.61
1.18,142.08,3.29,1,0.0,144.23
1.2,143.3,3.29,1,0.0,144.09
1.22,142.44,3.29,1,0.0,143.84
1.25,173.93,3.29,1,0.0,148.36
1.27,142.95,3.29,1,0.0,147.55
1.29,144.17,3.29,1,0.0,147.04
1.31,173.94,3.29,1,0.0,151.07
1.33,142.9,3.29,1,0.0,149.85
1.35,142.89,3.29,1,0.0,148.8
1.37,145.03,3.29,1,0.0,148.24
1.39,141.6,3.29,1,0.0,147.24
1.41,146.7,3.29,1,0.0,147.16
1.43,143.78,3.29,1,0.0,146.65
1.45,145.0,3.29,1,0.0,146.41
1.47,142.06,3.29,1,0.0,145.75
1.49,144.61,3.29,1,0.0,145.58
1.51,142.47,3.29,1,0.0,145.12
1.53,141.66,3.29,1,0.0,144.6
1.55,142.08,3.29,1,0.0,144.22
1.57,141.21,3.29,1,0.0,143.77
1.59,143.32,3.29,1,0.0,143.7
1.61,173.93,3.29,1,0.0,148.23
1.63,142.5,3.29,1,0.0,147.37
1.65,144.17,3.29,1,0.0,146.89
1.67,142.05,3.29,1,0.0,146.17
1.69,145.43,3.29,1,0.0,146.06
1.71,142.03,3.29,1,0.0,145.45
1.73,142.07,3.29,1,0.0,144.95
1.75,143.74,3.29,1,0.0,144.76
1.77,142.06,3.29,1,0.0,144.36
1.79,141.19,3.29,1,0.0,143.88
1.81,142.91,3.29,1,0.0,143.74
1.83,142.95,3.29,1,0.0,143.62
1.85,143.18,3.29,1,0.0,143.55
1.87,141.66,3.29,1,0.0,143.27
1.89,141.66,3.29,1,0.0,143.03
1.91,142.44,3.29,1,0.0,142.94
1.93,142.04,3.29,1,0.0,142.81
1.95,145.88,3.29,1,0.0,143.27
1.97,142.45,3.29,1,0.0,143.15
1.99,142.9,3.29,1,0.0,143.11
2.01,143.79,3.29,1,0.0,143.21
2.03,142.06,3.29,1,0.0,143.04
2.05,143.78,3.29,1,0.0,143.15
2.07,141.64,3.29,1,0.0,142.92
2.09,142.91,3.29,1,0.0,142.92
2.11,142.95,3.29,1,0.0,142.93
2.13,142.53,3.29,1,0.0,142.87
2.15,142.46,3.29,1,0.0,142.8
2.17,142.5,3.29,1,0.0,142.76
2.19,141.65,3.29,1,0.0,142.59
2.21,141.66,3.29,1,0.0,142.45
2.23,142.5,3.29,1,0.0,142.46
2.25,143.34,3.29,1,0.0,142.59
2.27,142.49,3.29,1,0.0,142.58
2.29,141.64,3.29,1,0.0,142.43
2.31,142.49,3.29,1,0.0,142.44
2.33,142.5,3.29,1,0.0,142.45
2.35,142.08,3.29,1,0.0,142.4
2.37,142.1,3.29,1,0.0,142.35
2.4,143.35,3.29,1,0.0,142.5
2.42,142.5,3.29,1,0.0,142.5
2.44,142.92,3.29,1,0.0,142.56
2.46,142.07,3.29,1,0.0,142.49
2.48,141.65,3.29,1,0.0,142.36
2.5,142.06,3.29,1,0.0,142.32
2.52,141.66,3.29,1,0.0,142.22
2.54,143.4,3.29,1,0.0,142.4
2.56,142.09,3.29,1,0.0,142.35
2.58,142.05,3.29,1,0.0,142.31
2.6,142.5,3.29,1,0.0,142.33
2.62,144.2,3.29,1,0.0,142.61
2.64,142.88,3.29,1,0.0,142.65
2.66,142.48,3.29,1,0.0,142.63
2.68,142.51,3.29,1,0.0,142.61
2.7,143.34,3.29,1,0.0,142.72
2.72,143.37,3.29,1,0.0,142.82
2.74,139.61,3.29,1,0.0,142.34
2.76,143.34,3.29,1,0.0,142.49
2.78,143.31,3.29,1,0.0,142.61
2.8,141.6,3.29,1,0.0,142.46
2.82,141.66,3.29,1,0.0,142.34
2.84,144.21,3.29,1,0.0,142.62
2.86,142.91,3.29,1,0.0,142.66
2.88,142.9,3.29,1,0.0,142.7
2.9,141.21,3.29,1,0.0,142.48
2.92,142.93,3.29,1,0.0,142.54
2.94,142.08,3.29,1,0.0,142.47
2.96,142.87,3.29,1,0.0,142.53
2.98,142.51,3.29,1,0.0,142.53
3.0,142.04,3.29,1,0.0,142.46
3.02,142.52,3.29,1,0.0,142.47
3.04,142.12,3.29,1,0.0,142.41
3.06,141.21,3.29,1,0.0,142.23
3.08,142.93,3.29,1,0.0,142.34
3.1,143.78,3.29,1,0.0,142.55
3.12,141.22,3.29,1,0.0,142.35
3.14,142.48,3.29,1,0.0,142.37
3.16,142.09,3.29,1,0.0,142.33
3.18,144.21,3.29,1,0.0,142.61
3.2,144.8,3.29,1,0.0,142.94
3.22,142.11,3.29,1,0.0,142.82
3.24,143.78,3.29,1,0.0,142.96
3.26,142.94,3.29,1,0.0,142.96
3.28,142.91,3.29,1,0.0,142.95
3.3,143.34,3.29,1,0.0,143.01
3.32,142.54,3.29,1,0.0,142.94
3.34,143.34,3.29,1,0.0,143.0
3.36,142.08,3.29,1,0.0,142.86
3.38,142.5,3.29,1,0.0,142.81
3.4,141.6,3.29,1,0.0,142.63
3.42,144.16,3.29,1,0.0,142.86
3.44,144.19,3.29,1,0.0,143.06
3.46,142.49,3.29,1,0.0,142.97
3.48,141.67,3.29,1,0.0,142.78
3.5,143.78,3.29,1,0.0,142.93
3.52,142.53,3.29,1,0.0,142.87
3.54,141.23,3.29,1,0.0,142.62
3.56,143.77,3.29,1,0.0,142.79
3.58,142.31,3.29,1,0.0,142.72
3.6,142.92,3.29,1,0.0,142.75
3.62,143.34,3.29,1,0.0,142.84
3.64,142.5,3.29,1,0.0,142.79
3.66,142.96,3.29,1,0.0,142.81
3.68,142.54,3.29,1,0.0,142.77
3.7,173.92,3.29,1,0.0,147.44
3.72,142.09,3.29,1,0.0,146.64
3.74,142.09,3.29,1,0.0,145.96
3.76,141.66,3.29,1,0.0,145.31
3.78,141.2,3.29,1,0.0,144.7
3.8,141.69,3.29,1,0.0,144.25
3.82,141.63,3.29,1,0.0,143.85
3.84,141.25,3.29,1,0.0,143.46
3.86,141.22,3.29,1,0.0,143.13
3.88,141.65,3.29,1,0.0,142.9
3.9,141.62,3.29,1,0.0,142.71
3.92,142.09,3.29,1,0.0,142.62
3.94,142.07,3.29,1,0.0,142.54
3.96,142.94,3.29,1,0.0,142.6
3.98,142.91,3.29,1,0.0,142.64
4.0,142.82,3.29,1,0.0,142.67
4.02,142.09,3.29,1,0.0,142.58
4.04,142.49,3.29,1,0.0,142.57
4.06,142.07,3.29,1,0.0,142.49
4.08,142.05,3.29,1,0.0,142.43
4.1,142.92,3.29,1,0.0,142.5
4.12,142.5,3.29,1,0.0,142.5
4.15,142.5,3.29,1,0.0,142.5
4.17,142.9,3.29,1,0.0,142.56
4.19,142.94,3.29,1,0.0,142.62
4.21,142.11,3.29,1,0.0,142.54
4.23,142.91,3.29,1,0.0,142.6
4.25,142.48,3.29,1,0.0,142.58
4.27,142.93,3.29,1,0.0,142.63
4.29,142.92,3.29,1,0.0,142.67
4.31,142.45,3.29,1,0.0,142.64
4.33,142.93,3.29,1,0.0,142.68
4.35,142.91,3.29,1,0.0,142.72
4.37,142.5,3.29,1,0.0,142.68
4.39,142.5,3.29,1,0.0,142.66
4.41,142.48,3.29,1,0.0,142.63
4.43,142.09,3.29,1,0.0,142.55
4.45,142.91,3.29,1,0.0,142.6
4.47,142.9,3.29,1,0.0,142.65
4.49,142.1,3.29,1,0.0,142.57
4.51,142.9,3.29,1,0.0,142.62
4.53,142.07,3.29,1,0.0,142.54
4.55,142.5,3.29,1,0.0,142.53
4.58,142.5,3.29,1,0.0,142.53
4.6,143.33,3.29,1,0.0,142.65
4.62,142.06,3.29,1,0.0,142.56
4.64,142.49,3.29,1,0.0,142.55
4.66,142.45,3.29,1,0.0,142.53
4.68,140.56,3.29,1,0.0,142.24
4.7,142.5,3.29,1,0.0,142.28
4.72,142.07,3.29,1,0.0,142.25
4.74,143.51,3.29,1,0.0,142.44
4.76,137.99,3.29,1,0.0,141.77
4.78,142.93,3.29,1,0.0,141.94
4.8,142.88,3.29,1,0.0,142.08
4.82,142.09,3.29,1,0.0,142.08
4.84,144.17,3.29,1,0.0,142.4
4.86,142.91,3.29,1,0.0,142.47
4.88,142.48,3.29,1,0.0,142.48
4.9,140.79,3.29,1,0.0,142.22
4.92,141.23,3.29,1,0.0,142.07
4.94,142.89,3.29,1,0.0,142.2
4.96,143.32,3.29,1,0.0,142.36
4.98,144.17,3.29,1,0.0,142.63
5.0,142.9,3.29,1,0.0,142.67
5.02,143.31,3.29,1,0.0,142.77
5.05,142.03,3.29,1,0.0,142.66
5.07,142.89,3.29,1,0.0,142.69
5.09,142.91,3.29,1,0.0,142.73
5.11,145.84,3.29,1,0.0,143.19
5.13,143.31,3.29,1,0.0,143.21
5.15,143.35,3.29,1,0.0,143.23
5.17,142.45,3.29,1,0.0,143.11
5.19,142.92,3.29,1,0.0,143.08
5.21,142.42,3.29,1,0.0,142.98
5.23,145.87,3.29,1,0.0,143.42
5.25,143.74,3.29,1,0.0,143.47
5.27,142.03,3.29,1,0.0,143.25
5.29,142.03,3.29,1,0.0,143.07
5.31,142.91,3.29,1,0.0,143.05
5.33,142.9,3.29,1,0.0,143.02
5.35,143.33,3.29,1,0.0,143.07
5.37,143.76,3.29,1,0.0,143.17
5.39,143.75,3.29,1,0.0,143.26
5.41,142.94,3.29,1,0.0,143.21
5.43,143.75,3.29,1,0.0,143.29
5.45,143.73,3.29,1,0.0,143.36
5.47,142.49,3.29,1,0.0,143.23
5.49,144.79,3.29,1,0.0,143.46
5.51,142.03,3.29,1,0.0,143.25
5.53,142.5,3.29,1,0.0,143.14
5.56,173.92,3.29,1,0.0,147.75
5.58,143.33,3.29,1,0.0,147.09
5.6,142.45,3.29,1,0.0,146.39
5.62,142.88,3.29,1,0.0,145.87
5.64,144.15,3.29,1,0.0,145.61
5.65,140.75,3.29,1,0.0,144.88
5.68,173.91,3.29,1,0.0,149.23
5.7,144.14,3.29,1,0.0,148.47
5.72,144.62,3.29,1,0.0,147.89
5.74,142.5,3.29,1,0.0,147.08
5.76,142.52,3.29,1,0.0,146.4
5.78,144.16,3.29,1,0.0,146.06
5.8,145.84,3.29,1,0.0,146.03
5.82,146.66,3.29,1,0.0,146.12
5.84,142.9,3.29,1,0.0,145.64
5.86,142.06,3.29,1,0.0,145.1
5.88,141.58,3.29,1,0.0,144.57
5.9,142.89,3.29,1,0.0,144.32
5.92,141.64,3.29,1,0.0,143.92
5.94,143.72,3.29,1,0.0,143.89
5.96,173.97,3.29,1,0.0,148.4
5.98,143.32,3.29,1,0.0,147.64
6.0,142.08,3.29,1,0.0,146.81
6.02,141.51,3.29,1,0.0,146.01
6.04,142.07,3.29,1,0.0,145.42
6.06,142.9,3.29,1,0.0,145.04
6.08,144.62,3.29,1,0.0,144.98
6.1,143.75,3.29,1,0.0,144.79
6.12,142.07,3.29,1,0.0,144.39
6.14,141.23,3.29,1,0.0,143.91
6.16,144.57,3.29,1,0.0,144.01
6.18,143.37,3.29,1,0.0,143.92
6.2,142.89,3.29,1,0.0,143.76
6.22,142.06,3.29,1,0.0,143.51
6.24,142.06,3.29,1,0.0,143.29
6.26,143.99,3.29,1,0.0,143.39
6.28,142.46,3.29,1,0.0,143.26
6.3,143.36,3.29,1,0.0,143.27
6.32,143.75,3.29,1,0.0,143.34
6.34,143.8,3.29,1,0.0,143.41
6.36,142.91,3.29,1,0.0,143.34
6.38,141.65,3.29,1,0.0,143.08
6.4,141.62,3.29,1,0.0,142.86
6.42,144.16,3.29,1,0.0,143.06
6.44,143.31,3.29,1,0.0,143.1
6.46,142.88,3.29,1,0.0,143.06
6.48,143.76,3.29,1,0.0,143.17
6.5,142.48,3.29,1,0.0,143.06
6.52,141.21,3.29,1,0.0,142.79
6.54,141.22,3.29,1,0.0,142.55
6.56,142.89,3.29,1,0.0,142.6
6.58,144.19,3.29,1,0.0,142.84
6.6,142.99,3.29,1,0.0,142.86
6.62,142.51,3.29,1,0.0,142.81
6.64,142.93,3.29,1,0.0,142.83
6.66,142.05,3.29,1,0.0,142.71
6.68,143.75,3.29,1,0.0,142.87
6.7,142.05,3.29,1,0.0,142.74
6.73,173.94,3.29,1,0.0,147.42
6.75,142.87,3.29,1,0.0,146.74
6.77,143.17,3.29,1,0.0,146.2
6.79,173.97,3.29,1,0.0,150.37
6.81,143.29,3.29,1,0.0,149.31
6.83,142.93,3.29,1,0.0,148.35
6.85,143.77,3.29,1,0.0,147.67
6.87,144.19,3.29,1,0.0,147.14
6.89,144.59,3.29,1,0.0,146.76
6.91,141.64,3.29,1,0.0,145.99
6.93,143.77,3.29,1,0.0,145.66
6.95,143.34,3.29,1,0.0,145.31
6.97,142.54,3.29,1,0.0,144.89
6.99,142.47,3.29,1,0.0,144.53
7.01,144.58,3.29,1,0.0,144.54
7.03,144.2,3.29,1,0.0,144.49
7.05,142.92,3.29,1,0.0,144.25
7.07,142.04,3.29,1,0.0,143.92
7.09,144.57,3.29,1,0.0,144.02
7.11,142.9,3.29,1,0.0,143.85
7.13,142.02,3.29,1,0.0,143.58
7.15,142.06,3.29,1,0.0,143.35
7.17,144.22,3.29,1,0.0,143.48
7.19,142.04,3.29,1,0.0,143.26
7.21,142.91,3.29,1,0.0,143.21
7.23,142.47,3.29,1,0.0,143.1
7.25,173.96,3.29,1,0.0,147.73
7.27,142.06,3.29,1,0.0,146.88
7.29,144.59,3.29,1,0.0,146.53
7.32,143.39,3.29,1,0.0,146.06
7.34,142.04,3.29,1,0.0,145.46
7.36,142.89,3.29,1,0.0,145.07
7.38,142.9,3.29,1,0.0,144.75
7.4,142.94,3.29,1,0.0,144.48
7.42,143.33,3.29,1,0.0,144.31
7.44,141.62,3.29,1,0.0,143.9
7.46,142.05,3.29,1,0.0,143.63
7.48,142.95,3.29,1,0.0,143.52
7.5,144.23,3.29,1,0.0,143.63
7.52,141.62,3.29,1,0.0,143.33
7.54,147.2,3.29,1,0.0,143.91
7.56,142.04,3.29,1,0.0,143.63
7.58,142.91,3.29,1,0.0,143.52
7.6,141.61,3.29,1,0.0,143.23
7.62,142.49,3.29,1,0.0,143.12
7.64,142.49,3.29,1,0.0,143.03
7.66,141.65,3.29,1,0.0,142.82
7.68,142.92,3.29,1,0.0,142.84
7.7,142.9,3.29,1,0.0,142.85
7.72,142.46,3.29,1,0.0,142.79
7.74,143.33,3.29,1,0.0,142.87
7.76,142.92,3.29,1,0.0,142.88
7.78,141.67,3.29,1,0.0,142.7
7.8,144.6,3.29,1,0.0,142.98
7.82,142.07,3.29,1,0.0,142.84
7.84,142.89,3.29,1,0.0,142.85
7.86,144.19,3.29,1,0.0,143.05
7.88,173.93,3.29,1,0.0,147.68
7.9,142.48,3.29,1,0.0,146.9
7.92,141.62,3.29,1,0.0,146.11
7.94,142.46,3.29,1,0.0,145.56
7.97,173.91,3.29,1,0.0,149.81
7.99,142.67,3.29,1,0.0,148.74
8.01,142.41,3.29,1,0.0,147.79
8.03,142.47,3.29,1,0.0,146.99
8.05,143.33,3.29,1,0.0,146.45
8.07,144.6,3.29,1,0.0,146.17
8.09,141.61,3.29,1,0.0,145.49
8.11,173.93,3.29,1,0.0,149.75
8.13,142.93,3.29,1,0.0,148.73
8.15,143.3,3.29,1,0.0,147.91
8.17,141.73,3.29,1,0.0,146.99
8.19,142.5,3.29,1,0.0,146.31
8.21,142.47,3.29,1,0.0,145.74
8.23,142.47,3.29,1,0.0,145.25
8.25,145.45,3.29,1,0.0,145.28
8.27,143.8,3.29,1,0.0,145.06
8.29,143.76,3.29,1,0.0,144.86
8.31,141.2,3.29,1,0.0,144.31
8.33,142.9,3.29,1,0.0,144.1
8.35,143.76,3.29,1,0.0,144.05
8.37,143.78,3.29,1,0.0,144.01
8.39,145.01,3.29,1,0.0,144.16
8.41,145.46,3.29,1,0.0,144.35
8.43,142.48,3.29,1,0.0,144.07
8.45,142.5,3.29,1,0.0,143.84
8.47,142.49,3.29,1,0.0,143.63
8.5,142.89,3.29,1,0.0,143.52
8.52,142.91,3.29,1,0.0,143.43
8.54,141.66,3.29,1,0.0,143.16
8.56,142.92,3.29,1,0.0,143.13
8.58,142.87,3.29,1,0.0,143.09
8.6,141.61,3.29,1,0.0,142.87
8.62,143.32,3.29,1,0.0,142.93
8.64,144.18,3.29,1,0.0,143.12
8.66,141.56,3.29,1,0.0,142.89
8.68,143.74,3.29,1,0.0,143.02
8.7,143.75,3.29,1,0.0,143.13
8.72,143.77,3.29,1,0.0,143.22
8.74,142.88,3.29,1,0.0,143.17
8.76,143.8,3.29,1,0.0,143.27
8.78,142.54,3.29,1,0.0,143.16
8.8,143.31,3.29,1,0.0,143.18
8.82,143.35,3.29,1,0.0,143.2
8.84,144.2,3.29,1,0.0,143.35
8.86,142.92,3.29,1,0.0,143.29
8.88,144.06,3.29,1,0.0,143.41
8.9,142.92,3.29,1,0.0,143.33
8.92,143.66,3.29,1,0.0,143.38
8.94,142.07,3.29,1,0.0,143.18
8.96,141.65,3.29,1,0.0,142.95
8.98,141.21,3.29,1,0.0,142.69
9.0,142.09,3.29,1,0.0,142.6
9.02,143.82,3.29,1,0.0,142.78
9.04,143.26,3.29,1,0.0,142.86
9.06,143.79,3.29,1,0.0,143.0
9.08,142.54,3.29,1,0.0,142.93
9.1,143.33,3.29,1,0.0,142.99
9.12,141.22,3.29,1,0.0,142.72
9.14,143.36,3.29,1,0.0,142.82
9.16,142.95,3.29,1,0.0,142.84
9.18,143.4,3.29,1,0.0,142.92
9.2,141.66,3.29,1,0.0,142.73
9.23,143.36,3.29,1,0.0,142.83
9.25,142.5,3.29,1,0.0,142.78
9.27,142.06,3.29,1,0.0,142.67
9.29,57.97,3.29,1,0.0,129.97
9.31,0.0,3.29,1,0.0,110.47
9.34,153.39,3.29,1,0.0,116.91
9.37,142.49,3.29,1,0.0,120.75
9.39,143.35,3.29,1,0.0,124.14
9.42,143.36,3.29,1,0.0,127.02
9.44,141.65,3.29,1,0.0,129.22
9.46,142.9,3.29,1,0.0,131.27
9.48,173.94,3.29,1,0.0,137.67
9.5,143.38,3.29,1,0.0,138.53
9.52,142.07,3.29,1,0.0,139.06
9.55,143.36,3.29,1,0.0,139.7
9.57,142.48,3.29,1,0.0,140.12
9.59,142.48,3.29,1,0.0,140.47
9.61,142.46,3.29,1,0.0,140.77
9.63,143.35,3.29,1,0.0,141.16
9.65,142.97,3.29,1,0.0,141.43
9.67,143.39,3.29,1,0.0,141.72
9.69,142.48,3.29,1,1.0,141.84
9.72,142.5,3.29,1,1.0,141.94
9.74,142.99,3.29,1,1.0,142.09
9.76,142.8,3.29,1,1.0,142.2
9.78,173.96,3.29,1,1.0,146.96
9.8,142.51,3.29,1,1.0,146.3
9.82,142.93,3.29,1,1.0,145.79
9.84,142.99,3.29,1,1.0,145.37
9.86,142.06,3.29,1,1.0,144.87
9.88,142.97,3.29,1,1.0,144.59
9.9,143.8,3.29,1,1.0,144.47
9.92,142.92,3.29,1,1.0,144.24
9.94,141.68,3.29,1,1.0,143.85
9.98,235.45,3.29,1,1.0,157.59
10.0,142.48,3.29,1,1.0,155.32
10.02,143.48,3.29,1,1.0,153.55
10.05,142.93,3.29,1,1.0,151.96
10.07,144.2,3.29,1,1.0,150.79
10.1,144.2,3.29,1,1.0,149.8
10.12,143.33,3.29,1,1.0,148.83
10.15,281.21,3.29,1,1.0,168.69
10.17,145.04,3.29,1,1.0,165.14
10.2,142.74,3.29,1,1.0,161.78
10.22,142.08,3.29,1,1.0,158.83
10.24,142.13,3.29,1,1.0,156.32
10.26,142.97,3.29,1,1.0,154.32
10.28,143.32,3.29,1,1.0,152.67
10.3,154.28,3.29,1,1.0,152.91
10.33,142.93,3.29,1,1.0,151.41
10.35,142.04,3.29,1,1.0,150.01
10.37,143.31,3.29,1,1.0,149.0
10.39,142.5,3.29,1,1.0,148.03
10.41,143.77,3.29,1,1.0,147.39
10.43,142.07,3.29,1,1.0,146.59
10.45,141.2,3.29,1,1.0,145.78
10.47,142.53,3.29,1,1.0,145.29
10.49,141.65,3.29,1,1.0,144.75
10.51,142.49,3.29,1,1.0,144.41
10.53,142.5,3.29,1,1.0,144.12
10.55,142.07,3.29,1,1.0,143.81
10.58,142.5,3.29,1,1.0,143.62
10.6,143.39,3.29,1,1.0,143.58
10.62,142.94,3.29,1,1.0,143.49
10.64,142.03,3.29,1,1.0,143.27
10.66,142.52,3.29,1,1.0,143.16
10.68,142.95,3.29,1,1.0,143.13
10.7,142.06,3.29,1,1.0,142.97
10.73,142.1,3.29,1,1.0,142.84
10.75,143.1,3.29,1,1.0,142.87
10.77,119.38,3.29,1,1.0,139.35
10.79,155.38,3.29,1,1.0,141.76
10.81,143.33,3.29,1,1.0,141.99
10.84,142.48,3.29,1,1.0,142.06
10.86,142.5,3.29,1,1.0,142.13
10.89,142.48,3.29,1,1.0,142.18
10.91,0.0,3.29,1,1.0,120.85
10.93,143.35,3.29,1,1.0,124.23
10.95,144.58,3.29,1,1.0,127.28
10.97,141.63,3.29,1,1.0,129.43
10.99,141.6,3.29,1,1.0,131.26
11.01,142.48,3.29,1,1.0,132.94
11.03,141.88,3.29,1,1.0,134.28
11.06,142.48,3.29,1,1.0,135.51
11.08,142.45,3.29,1,1.0,136.55
11.1,142.49,3.29,1,1.0,137.44
11.12,142.47,3.29,1,1.0,138.2
11.14,142.05,3.29,1,1.0,138.77
11.17,165.17,3.29,1,1.0,142.73
11.19,142.47,3.29,1,1.0,142.69
11.21,143.36,3.29,1,1.0,142.79
11.23,143.34,3.29,1,1.0,142.88
11.25,97.44,3.29,1,1.0,136.06
11.27,143.35,3.29,1,1.0,137.15
11.3,143.25,3.29,1,1.0,138.07
11.32,142.46,3.29,1,1.0,138.73
11.34,142.48,3.29,1,1.0,139.29
11.37,142.52,3.29,1,1.0,139.77
11.39,142.47,3.29,1,1.0,140.18
11.41,173.96,3.29,1,1.0,145.25
11.43,143.76,3.29,1,1.0,145.02
11.45,143.35,3.29,1,1.0,144.77
11.47,174.32,3.29,1,1.0,149.2
11.51,145.65,3.29,1,1.0,148.67
11.53,145.45,3.29,1,1.0,148.19
11.56,142.43,3.29,1,1.0,147.32
11.58,142.48,3.29,1,1.0,146.6
11.6,142.86,3.29,1,1.0,146.04
11.63,142.49,3.29,1,1.0,145.5
11.65,142.47,3.29,1,1.0,145.05
11.67,142.87,3.29,1,1.0,144.72
11.69,142.49,3.29,1,1.0,144.39
11.71,142.49,3.29,1,1.0,144.1
11.74,142.89,3.29,1,1.0,143.92
11.76,143.36,3.29,1,1.0,143.84
11.78,143.35,3.29,1,1.0,143.76
11.8,142.95,3.29,1,1.0,143.64
11.82,142.96,3.29,1,1.0,143.54
11.84,142.97,3.29,1,1.0,143.45
11.86,142.06,3.29,1,1.0,143.24
11.88,142.92,3.29,1,1.0,143.2
11.91,142.04,3.29,1,1.0,143.02
11.93,137.04,3.29,1,1.0,142.13
11.95,157.23,3.29,1,1.0,144.39
11.98,142.03,3.29,1,1.0,144.04
12.0,142.13,3.29,1,1.0,143.75
12.03,142.54,3.29,1,1.0,143.57
12.05,143.35,3.29,1,1.0,143.54
12.07,142.98,3.29,1,1.0,143.45
12.09,142.93,3.29,1,1.0,143.37
12.11,142.13,3.29,1,1.0,143.19
12.14,142.98,3.29,1,1.0,143.16
12.16,142.5,3.29,1,1.0,143.06
12.18,141.46,3.29,1,1.0,142.82
12.2,142.47,3.29,1,1.0,142.77
12.22,142.94,3.29,1,1.0,142.79
12.24,144.9,3.29,1,1.0,143.11
12.26,142.08,3.29,1,1.0,142.95
12.28,142.95,3.29,1,1.0,142.95
12.3,142.9,3.29,1,1.0,142.95
12.33,142.93,3.29,1,1.0,142.94
12.35,140.32,3.29,1,1.0,142.55
12.37,142.03,3.29,1,1.0,142.47
12.41,142.06,3.29,1,1.0,142.41
12.44,142.44,3.29,1,1.0,142.41
12.46,142.09,3.29,1,1.0,142.36
12.49,141.66,3.29,1,1.0,142.26
12.51,147.21,3.29,1,1.0,143.0
12.53,142.51,3.29,1,1.0,142.93
12.55,142.88,3.29,1,1.0,142.92
12.57,142.93,3.29,1,1.0,142.92
12.6,142.53,3.29,1,1.0,142.86
12.62,141.64,3.29,1,1.0,142.68
12.64,142.91,3.29,1,1.0,142.71
12.66,142.5,3.29,1,1.0,142.68
12.68,141.62,3.29,1,1.0,142.52
12.7,141.19,3.29,1,1.0,142.32
12.73,173.93,3.29,1,1.0,147.06
12.75,142.91,3.29,1,1.0,146.44
12.77,142.09,3.29,1,1.0,145.79
12.79,104.54,3.29,1,1.0,139.6
12.81,142.93,3.29,1,1.0,140.1
12.83,143.78,3.29,1,1.0,140.65
12.86,142.49,3.29,1,1.0,140.93
12.89,165.27,3.29,1,1.0,144.58
12.91,142.43,3.29,1,1.0,144.26
12.93,142.05,3.29,1,1.0,143.93
12.96,143.78,3.29,1,1.0,143.9
12.98,142.88,3.29,1,1.0,143.75
13.0,143.35,3.29,1,1.0,143.69
13.02,144.15,3.29,1,1.0,143.76
13.04,144.62,3.29,1,1.0,143.89
13.06,142.95,3.29,1,1.0,143.75
13.09,142.48,3.29,1,1.0,143.56
13.11,144.21,3.29,1,1.0,143.66
13.13,142.54,3.29,1,1.0,143.49
13.15,142.07,3.29,1,1.0,143.28
13.17,152.2,3.29,1,1.0,144.61
13.19,142.52,3.29,1,1.0,144.3
13.21,142.49,3.29,1,1.0,144.03
13.23,142.88,3.29,1,1.0,143.86
13.25,173.96,3.29,1,1.0,148.37
13.28,117.12,3.29,1,1.0,143.68
13.31,118.83,3.29,1,1.0,139.96
13.33,144.67,3.29,1,1.0,140.66
13.35,142.88,3.29,1,1.0,140.99
13.38,144.79,3.29,1,1.0,141.56
13.4,149.66,3.29,1,1.0,142.78
13.42,144.98,3.29,1,1.0,143.11
13.44,142.88,3.29,1,1.0,143.08
13.46,142.89,3.29,1,1.0,143.05
13.49,144.22,3.29,1,1.0,143.22
13.51,144.61,3.29,1,1.0,143.43
13.52,51.7,3.29,1,1.0,129.67
13.54,39.12,3.29,1,1.0,116.09
13.55,45.4,3.29,1,1.0,105.49
13.57,37.93,3.29,1,1.0,95.35
13.59,38.16,3.29,1,1.0,86.77
13.6,37.95,3.29,1,1.0,79.45
13.62,37.41,3.29,1,1.0,73.15
13.63,35.93,3.29,1,1.0,67.56
13.65,35.75,3.29,1,1.0,62.79
13.66,35.5,3.29,1,1.0,58.7
13.69,0.0,3.29,1,1.0,49.89
13.7,35.43,3.29,1,1.0,47.72
13.72,41.62,3.29,1,1.0,46.81
13.73,42.26,3.29,1,1.0,46.13
13.74,42.05,3.29,1,1.0,45.51
13.76,42.32,3.29,1,1.0,45.03
13.77,42.58,3.29,1,1.0,44.67
13.79,41.52,3.29,1,1.0,44.19
13.81,42.1,3.29,1,1.0,43.88
13.83,39.4,3.29,1,1.0,43.21
13.84,38.57,3.29,1,1.0,42.51
13.87,38.48,3.29,1,1.0,41.91
13.88,34.82,3.29,1,1.0,40.84
13.91,77.2,3.29,1,1.0,46.3
13.93,142.46,3.29,1,1.0,60.72
13.95,141.35,3.29,1,1.0,72.82
13.96,32.98,3.29,1,1.0,66.84
13.98,116.76,3.29,1,1.0,74.33
14.0,30.91,3.29,1,1.0,67.82
14.01,31.6,3.29,1,1.0,62.38
14.03,32.32,3.29,1,1.0,57.87
14.05,30.48,3.29,1,1.0,53.76
14.06,30.36,3.29,1,1.0,50.25
14.08,27.39,3.29,1,1.0,46.82
14.09,30.61,3.29,1,1.0,44.39
14.11,30.01,3.29,1,1.0,42.24
14.13,29.96,3.29,1,1.0,40.39
14.14,30.27,3.29,1,1.0,38.88
14.15,29.78,3.29,1,1.0,37.51
14.17,30.55,3.29,1,1.0,36.47
14.18,29.17,3.29,1,1.0,35.37
14.19,37.42,3.29,1,1.0,35.68
14.21,8.37,3.29,1,1.0,31.58
14.23,36.89,3.29,1,1.0,32.38
14.25,35.9,3.29,1,1.0,32.91
14.28,29.06,3.29,1,1.0,32.33
14.3,29.35,3.29,1,1.0,31.88
14.31,28.01,3.29,1,1.0,31.3
14.33,0.0,3.29,1,1.0,26.61
14.35,27.91,3.29,1,1.0,26.8
14.36,27.82,3.29,1,1.0,26.96
14.38,28.68,3.29,1,1.0,27.21
14.39,28.19,3.29,1,1.0,27.36
14.41,27.71,3.29,1,1.0,27.41
14.42,27.56,3.29,1,1.0,27.43
14.44,27.16,3.29,1,1.0,27.39
14.45,27.12,3.29,1,1.0,27.35
14.46,28.3,3.29,1,1.0,27.5
14.48,30.74,3.29,1,1.0,27.98
14.49,28.54,3.29,1,1.0,28.07
14.52,62.12,3.29,1,1.0,33.17
14.53,85.95,3.29,1,1.0,41.09
14.55,26.59,3.29,1,1.0,38.92
14.56,26.96,3.29,1,1.0,37.12
14.58,26.87,3.29,1,1.0,35.58
14.59,26.35,3.29,1,1.0,34.2
14.61,26.29,3.29,1,1.0,33.01
14.62,26.22,3.29,1,1.0,31.99
14.63,26.15,3.29,1,1.0,31.12
14.65,26.11,3.29,1,1.0,30.37
14.66,25.57,3.29,1,1.0,29.65
14.67,25.53,3.29,1,1.0,29.03
14.69,25.45,3.29,1,1.0,28.49
14.7,25.38,3.29,1,1.0,28.03
14.71,25.35,3.29,1,1.0,27.62
14.73,25.76,3.29,1,1.0,27.34
14.74,25.67,3.29,1,1.0,27.09
14.76,10.77,3.29,1,1.0,24.65
14.78,25.56,3.29,1,1.0,24.78
14.8,25.56,3.29,1,1.0,24.9
14.81,25.34,3.29,1,1.0,24.96
14.83,25.42,3.29,1,1.0,25.03
14.84,24.93,3.29,1,1.0,25.02
14.86,25.37,3.29,1,1.0,25.07
14.88,25.33,3.29,1,1.0,25.11
14.89,24.9,3.29,1,1.0,25.08
14.9,25.27,3.29,1,1.0,25.11
14.92,25.25,3.29,1,1.0,25.13
14.93,25.72,3.29,1,1.0,25.22
14.94,26.1,3.29,1,1.0,25.35
14.96,25.21,3.29,1,1.0,25.33
14.97,25.23,3.29,1,1.0,25.31
14.99,25.21,3.29,1,1.0,25.3
15.01,25.63,3.29,1,1.0,25.35
15.02,25.64,3.29,1,1.0,25.39
15.04,26.04,3.29,1,1.0,25.49
15.05,26.05,3.29,1,1.0,25.57
15.07,26.04,3.29,1,1.0,25.64
15.08,26.07,3.29,1,1.0,25.71
15.09,26.04,3.29,1,1.0,25.76
15.11,26.03,3.29,1,1.0,25.8
15.12,26.78,3.29,1,1.0,25.95
15.13,26.96,3.29,1,1.0,26.1
15.15,26.05,3.29,1,1.0,26.09
15.16,26.05,3.29,1,1.0,26.08
15.19,0.0,3.29,1,1.0,22.17
15.21,26.51,3.29,1,1.0,22.82
15.24,26.52,3.29,1,1.0,23.38
15.25,26.12,3.29,1,1.0,23.79
15.27,26.99,3.29,1,1.0,24.27
15.28,26.96,3.29,1,1.0,24.67
15.29,26.5,3.29,1,1.0,24.95
15.31,26.14,3.29,1,1.0,25.13
15.32,26.18,3.29,1,1.0,25.28
15.34,6.24,3.29,1,1.0,22.43
15.35,27.06,3.29,1,1.0,23.12
15.37,27.03,3.29,1,1.0,23.71
15.38,35.14,3.29,1,1.0,25.42
15.4,35.6,3.29,1,1.0,26.95
15.41,31.68,3.29,1,1.0,27.66
15.42,28.72,3.29,1,1.0,27.82
15.44,41.88,3.29,1,1.0,29.93
15.45,27.01,3.29,1,1.0,29.49
15.47,26.99,3.29,1,1.0,29.11
15.48,27.38,3.29,1,1.0,28.85
15.5,26.94,3.29,1,1.0,28.57
15.51,26.95,3.29,1,1.0,28.32
15.53,27.33,3.29,1,1.0,28.18
15.54,27.74,3.29,1,1.0,28.11
15.56,27.35,3.29,1,1.0,28.0
15.57,27.72,3.29,1,1.0,27.95
15.58,26.85,3.29,1,1.0,27.79
15.6,136.54,3.29,1,1.0,44.1
15.62,28.07,3.29,1,1.0,41.7
15.63,28.08,3.29,1,1.0,39.66
15.64,27.17,3.29,1,1.0,37.78
15.66,27.17,3.29,1,1.0,36.19
15.69,121.34,3.29,1,1.0,48.96
15.71,27.57,3.29,1,1.0,45.75
15.73,26.7,3.29,1,1.0,42.9
15.76,27.1,3.29,1,1.0,40.53
15.78,26.27,3.29,1,1.0,38.39
15.8,25.34,3.29,1,1.0,36.43
15.81,26.22,3.29,1,1.0,34.9
15.83,26.58,3.29,1,1.0,33.65
15.84,25.71,3.29,1,1.0,32.46
15.86,26.11,3.29,1,1.0,31.51
15.87,26.52,3.29,1,1.0,30.76
15.89,25.64,3.29,1,1.0,29.99
15.9,25.64,3.29,1,1.0,29.34
15.91,26.46,3.29,1,1.0,28.91
15.93,26.88,3.29,1,1.0,28.6
15.94,26.9,3.29,1,1.0,28.35
15.96,27.31,3.29,1,1.0,28.19
15.97,27.28,3.29,1,1.0,28.06
15.98,27.7,3.29,1,1.0,28.0
16.0,28.17,3.29,1,1.0,28.03
16.02,28.14,3.29,1,1.0,28.04
16.03,26.84,3.29,1,1.0,27.86
16.05,27.22,3.29,1,1.0,27.77
16.06,27.65,3.29,1,1.0,27.75
16.08,27.66,3.29,1,1.0,27.74
16.09,26.34,3.29,1,1.0,27.53
16.1,26.75,3.29,1,1.0,27.41
16.11,26.77,3.29,1,1.0,27.31
16.14,111.25,3.29,1,1.0,39.91
16.16,25.85,3.29,1,1.0,37.8
16.18,25.89,3.29,1,1.0,36.01
16.2,26.28,3.29,1,1.0,34.55
16.22,25.87,3.29,1,1.0,33.25
16.23,25.8,3.29,1,1.0,32.13
16.25,25.79,3.29,1,1.0,31.18
16.26,24.92,3.29,1,1.0,30.24
16.28,25.34,3.29,1,1.0,29.51
16.29,25.33,3.29,1,1.0,28.88
16.31,25.74,3.29,1,1.0,28.41
16.32,25.75,3.29,1,1.0,28.01
16.34,25.75,3.29,1,1.0,27.67
16.35,24.81,3.29,1,1.0,27.24
16.37,25.3,3.29,1,1.0,26.95
16.38,25.2,3.29,1,1.0,26.69
16.39,25.67,3.29,1,1.0,26.54
16.41,25.72,3.29,1,1.0,26.41
16.42,24.82,3.29,1,1.0,26.17
16.44,25.23,3.29,1,1.0,26.03
16.45,29.84,3.29,1,1.0,26.6
16.46,25.23,3.29,1,1.0,26.4
16.48,25.64,3.29,1,1.0,26.28
16.49,25.25,3.29,1,1.0,26.13
16.5,25.23,3.29,1,1.0,25.99
16.53,25.61,3.29,1,1.0,25.94
16.54,17.35,3.29,1,1.0,24.65
16.55,25.62,3.29,1,1.0,24.79
16.57,24.74,3.29,1,1.0,24.79
16.58,25.18,3.29,1,1.0,24.85
16.59,25.15,3.29,1,1.0,24.89
16.61,24.69,3.29,1,1.0,24.86
16.62,25.09,3.29,1,1.0,24.9
16.64,58.73,3.29,1,1.0,29.97
16.65,25.08,3.29,1,1.0,29.24
16.67,25.0,3.29,1,1.0,28.6
16.68,25.43,3.29,1,1.0,28.13
16.7,24.51,3.29,1,1.0,27.58
16.71,25.33,3.29,1,1.0,27.25
16.73,24.81,3.29,1,1.0,26.88
16.74,23.66,3.29,1,1.0,26.4
16.76,24.81,3.29,1,1.0,26.16
16.77,24.76,3.29,1,1.0,25.95
16.79,24.25,3.29,1,1.0,25.69
16.8,25.12,3.29,1,1.0,25.61
16.81,24.64,3.29,1,1.0,25.46
16.83,25.07,3.29,1,1.0,25.4
16.84,25.01,3.29,1,1.0,25.34
16.86,24.52,3.29,1,1.0,25.22
16.87,24.95,3.29,1,1.0,25.18
16.89,1.31,3.29,1,1.0,21.6
16.9,24.42,3.29,1,1.0,22.02
16.91,23.9,3.29,1,1.0,22.3
16.93,24.76,3.29,1,1.0,22.67
16.94,24.29,3.29,1,1.0,22.91
16.96,24.7,3.29,1,1.0,23.18
16.97,23.8,3.29,1,1.0,23.27
16.98,24.62,3.29,1,1.0,23.48
17.0,24.17,3.29,1,1.0,23.58
17.02,0.0,3.29,1,1.0,20.04
17.03,24.1,3.29,1,1.0,20.65
17.04,23.62,3.29,1,1.0,21.1
17.06,24.06,3.29,1,1.0,21.54
17.08,54.24,3.29,1,1.0,26.45
17.09,23.97,3.29,1,1.0,26.08
17.11,24.39,3.29,1,1.0,25.82
17.12,18.51,3.29,1,1.0,24.73
17.14,23.92,3.29,1,1.0,24.61
17.15,23.96,3.29,1,1.0,24.51
17.17,24.33,3.29,1,1.0,24.48
17.18,24.75,3.29,1,1.0,24.52
17.2,24.73,3.29,1,1.0,24.55
17.21,23.85,3.29,1,1.0,24.45
17.23,24.28,3.29,1,1.0,24.42
17.24,24.29,3.29,1,1.0,24.4
17.26,24.26,3.29,1,1.0,24.38
17.27,23.8,3.29,1,1.0,24.29
17.29,24.22,3.29,1,1.0,24.28
17.3,23.31,3.29,1,1.0,24.14
17.32,23.75,3.29,1,1.0,24.08
17.33,23.27,3.29,1,1.0,23.96
17.35,22.79,3.29,1,1.0,23.78
17.36,23.64,3.29,1,1.0,23.76
17.38,23.15,3.29,1,1.0,23.67
17.39,23.06,3.29,1,1.0,23.58
17.41,23.03,3.29,1,1.0,23.5
17.42,23.43,3.29,1,1.0,23.49
17.43,23.39,3.29,1,1.0,23.47
17.45,22.91,3.29,1,1.0,23.39
17.46,22.44,3.29,1,1.0,23.25
17.47,23.29,3.29,1,1.0,23.25
17.48,22.79,3.29,1,1.0,23.18
17.5,22.34,3.29,1,1.0,23.06
17.53,22.25,3.29,1,1.0,22.94
17.55,22.61,3.29,1,1.0,22.89
17.56,22.54,3.29,1,1.0,22.83
17.58,22.03,3.29,1,1.0,22.71
17.59,21.64,3.29,1,1.0,22.55
17.6,22.4,3.29,1,1.0,22.53
17.62,21.99,3.29,1,1.0,22.45
17.64,22.37,3.29,1,1.0,22.44
17.66,22.26,3.29,1,1.0,22.41
17.68,22.25,3.29,1,1.0,22.39
17.69,21.77,3.29,1,1.0,22.29
17.71,22.59,3.29,1,1.0,22.34
17.72,22.14,3.29,1,1.0,22.31
17.74,21.66,3.29,1,1.0,22.21
17.75,38.57,3.29,1,1.0,24.66
17.77,22.02,3.29,1,1.0,24.27
17.78,21.55,3.29,1,1.0,23.86
17.79,21.95,3.29,1,1.0,23.57
17.81,21.47,3.29,1,1.0,23.26
17.82,23.58,3.29,1,1.0,23.31
17.83,21.84,3.29,1,1.0,23.09
17.85,21.35,3.29,1,1.0,22.83
17.86,21.78,3.29,1,1.0,22.67
17.87,21.74,3.29,1,1.0,22.53
17.89,21.25,3.29,1,1.0,22.34
17.9,21.7,3.29,1,1.0,22.24
17.91,21.61,3.29,1,1.0,22.15
17.93,20.73,3.29,1,1.0,21.94
17.94,21.57,3.29,1,1.0,21.88
17.95,21.09,3.29,1,1.0,21.76
17.97,21.93,3.29,1,1.0,21.79
17.98,21.43,3.29,1,1.0,21.73
17.99,21.36,3.29,1,1.0,21.68
18.02,0.0,3.29,1,1.0,18.43
18.04,20.72,3.29,1,1.0,18.77
18.07,0.0,3.29,1,1.0,15.96
18.1,0.0,3.29,1,1.0,13.56
18.12,20.58,3.29,1,1.0,14.61
18.13,20.83,3.29,1,1.0,15.55
18.15,20.76,3.29,1,1.0,16.33
18.16,20.73,3.29,1,1.0,16.99
18.18,20.67,3.29,1,1.0,17.54
18.19,19.72,3.29,1,1.0,17.87
18.2,20.08,3.29,1,1.0,18.2
18.22,20.01,3.29,1,1.0,18.47
18.23,19.95,3.29,1,1.0,18.69
18.24,19.9,3.29,1,1.0,18.87
18.26,19.86,3.29,1,1.0,19.02
18.27,20.21,3.29,1,1.0,19.2
18.28,20.12,3.29,1,1.0,19.34
18.3,19.62,3.29,1,1.0,19.38
18.32,19.93,3.29,1,1.0,19.46
18.33,4.31,3.29,1,1.0,17.19
18.34,19.77,3.29,1,1.0,17.58
18.36,19.73,3.29,1,1.0,17.9
18.37,19.66,3.29,1,1.0,18.16
18.38,19.6,3.29,1,1.0,18.38
18.4,19.56,3.29,1,1.0,18.56
18.41,19.48,3.29,1,1.0,18.7
18.42,19.45,3.29,1,1.0,18.81
18.44,18.96,3.29,1,1.0,18.83
18.46,19.72,3.29,1,1.0,18.96
18.48,25.41,3.29,1,1.0,19.93
18.49,19.09,3.29,1,1.0,19.8
18.52,19.44,3.29,1,1.0,19.75
18.53,19.26,3.29,1,1.0,19.68
18.54,19.69,3.29,1,1.0,19.68
18.56,25.77,3.29,1,1.0,20.59
18.57,14.89,3.29,1,1.0,19.74
18.59,18.99,3.29,1,1.0,19.63
18.6,25.83,3.29,1,1.0,20.56
18.61,18.88,3.29,1,1.0,20.3
18.63,19.26,3.29,1,1.0,20.15
18.64,26.98,3.29,1,1.0,21.17
18.65,18.24,3.29,1,1.0,20.73
18.67,18.16,3.29,1,1.0,20.35
18.68,17.65,3.29,1,1.0,19.94
18.7,17.59,3.29,1,1.0,19.59
18.71,17.47,3.29,1,1.0,19.27
18.73,17.41,3.29,1,1.0,18.99
18.75,16.89,3.29,1,1.0,18.68
18.76,16.76,3.29,1,1.0,18.39
18.77,11.96,3.29,1,1.0,17.43
18.79,16.59,3.29,1,1.0,17.3
18.81,16.02,3.29,1,1.0,17.11
18.82,16.39,3.29,1,1.0,17.0
18.83,16.28,3.29,1,1.0,16.89
18.84,16.23,3.29,1,1.0,16.79
18.86,15.69,3.29,1,1.0,16.63
18.87,16.04,3.29,1,1.0,16.54
18.88,16.01,3.29,1,1.0,16.46
18.89,16.33,3.29,1,1.0,16.44
18.91,15.8,3.29,1,1.0,16.34
18.92,15.74,3.29,1,1.0,16.25
18.96,0.0,3.29,1,1.0,13.81
18.97,15.86,3.29,1,1.0,14.12
18.98,16.14,3.29,1,1.0,14.42
19.0,17.36,3.29,1,1.0,14.86
19.01,19.84,3.29,1,1.0,15.61
19.04,118.18,3.29,1,1.0,31.0
19.07,142.0,3.29,1,1.0,47.65
19.09,142.52,3.29,1,1.0,61.88
19.11,142.07,3.29,1,1.0,73.91
19.13,26.73,3.29,1,1.0,66.83
19.14,25.4,3.29,1,1.0,60.62
19.16,24.01,3.29,1,1.0,55.13
19.17,23.6,3.29,1,1.0,50.4
19.19,23.53,3.29,1,1.0,46.37
19.2,25.14,3.29,1,1.0,43.18
19.22,24.64,3.29,1,1.0,40.4
19.23,16.11,3.29,1,1.0,36.76
19.25,15.67,3.29,1,1.0,33.59
19.26,15.59,3.29,1,1.0,30.89
19.27,16.84,3.29,1,1.0,28.79
19.29,16.35,3.29,1,1.0,26.92
19.3,15.9,3.29,1,1.0,25.27
19.31,15.4,3.29,1,1.0,23.79
19.32,14.9,3.29,1,1.0,22.45
19.34,14.03,3.29,1,1.0,21.19
19.35,14.44,3.29,1,1.0,20.18
19.36,14.38,3.29,1,1.0,19.31
19.37,14.39,3.29,1,1.0,18.57
19.39,13.93,3.29,1,1.0,17.87
19.4,13.87,3.29,1,1.0,17.27
19.43,14.27,3.29,1,1.0,16.82
19.44,10.59,3.29,1,1.0,15.89
19.46,13.73,3.29,1,1.0,15.56
19.47,13.27,3.29,1,1.0,15.22
19.5,13.73,3.29,1,1.0,15.0
19.51,12.74,3.29,1,1.0,14.66
19.54,12.67,3.29,1,1.0,14.36
19.55,13.03,3.29,1,1.0,14.16
19.57,12.99,3.29,1,1.0,13.99
19.58,12.95,3.29,1,1.0,13.83
19.59,12.41,3.29,1,1.0,13.62
19.61,13.3,3.29,1,1.0,13.57
19.62,13.18,3.29,1,1.0,13.51
19.63,12.71,3.29,1,1.0,13.39
19.65,10.34,3.29,1,1.0,12.93
19.66,12.62,3.29,1,1.0,12.89
19.67,13.41,3.29,1,1.0,12.96
19.69,12.5,3.29,1,1.0,12.89
19.7,12.42,3.29,1,1.0,12.82
19.71,11.98,3.29,1,1.0,12.7
19.73,12.33,3.29,1,1.0,12.64
19.74,11.86,3.29,1,1.0,12.53
19.76,11.79,3.29,1,1.0,12.41
19.77,14.6,3.29,1,1.0,12.74
19.78,11.69,3.29,1,1.0,12.58
19.79,11.58,3.29,1,1.0,12.43
19.81,11.57,3.29,1,1.0,12.3
19.82,11.49,3.29,1,1.0,12.18
19.83,8.6,3.29,1,1.0,11.65
19.85,12.26,3.29,1,1.0,11.74
19.86,12.19,3.29,1,1.0,11.81
19.87,12.14,3.29,1,1.0,11.86
19.88,11.65,3.29,0,1.0,11.83
19.9,11.61,3.29,0,1.0,11.79
19.93,11.08,3.29,0,1.0,11.69
19.95,12.46,3.29,0,1.0,11.8
19.96,11.33,3.29,0,1.0,11.73
19.97,11.25,3.29,0,1.0,11.66
19.99,10.25,3.29,0,1.0,11.45
20.0,10.26,3.29,0,1.0,11.27
20.01,10.18,3.29,0,1.0,11.11
20.03,10.55,3.29,0,1.0,11.02
20.05,11.32,3.29,0,1.0,11.07
20.06,10.39,3.29,0,1.0,10.96
20.07,10.29,3.29,0,1.0,10.86
20.08,10.25,3.29,0,1.0,10.77
20.1,9.77,3.29,0,1.0,10.62
20.11,11.02,3.29,0,1.0,10.68
20.12,10.08,3.29,0,1.0,10.59
20.14,10.43,3.29,0,1.0,10.57
20.15,10.79,3.29,0,1.0,10.6
20.16,10.73,3.29,0,1.0,10.62
20.17,10.66,3.29,0,1.0,10.63
20.19,11.03,3.29,0,1.0,10.69
20.2,10.06,3.29,0,1.0,10.59
20.21,10.85,3.29,0,1.0,10.63
20.23,10.31,3.29,0,1.0,10.58
20.24,9.84,3.29,0,1.0,10.47
20.25,9.78,3.29,0,1.0,10.37
20.27,9.7,3.29,0,1.0,10.27
20.28,10.95,3.29,0,1.0,10.37
20.3,11.73,3.29,0,1.0,10.57
20.31,10.34,3.29,0,1.0,10.54
20.32,70.0,3.29,0,1.0,19.46
20.34,10.65,3.29,0,1.0,18.14
20.36,142.93,3.29,0,1.0,36.86
20.37,20.2,3.29,0,1.0,34.36
20.38,17.17,3.29,0,1.0,31.78
20.39,16.7,3.29,0,1.0,29.52
20.41,15.8,3.29,0,1.0,27.46
20.42,9.97,3.29,0,1.0,24.84
20.43,16.16,3.29,0,1.0,23.54
20.46,10.27,3.29,0,1.0,21.55
20.47,9.36,3.29,0,1.0,19.72
20.48,10.22,3.29,0,1.0,18.29
20.5,11.45,3.29,0,1.0,17.27
20.51,9.72,3.29,0,1.0,16.13
20.52,10.14,3.29,0,1.0,15.24
20.54,9.29,3.29,0,1.0,14.34
20.55,6.73,3.29,0,1.0,13.2
20.56,9.2,3.29,0,1.0,12.6
20.58,10.44,3.29,0,1.0,12.28
20.59,8.36,3.29,0,1.0,11.69
20.6,10.37,3.29,0,1.0,11.49
20.62,9.04,3.29,0,1.0,11.12
20.63,9.07,3.29,0,1.0,10.82
20.64,9.07,3.29,0,1.0,10.55
20.66,9.03,3.29,0,1.0,10.33
20.67,9.05,3.29,0,1.0,10.13
20.68,9.06,3.29,0,1.0,9.97
20.69,9.49,3.29,0,1.0,9.9
20.71,9.91,3.29,0,1.0,9.9
20.72,9.91,3.29,0,1.0,9.9
20.73,8.99,3.29,0,1.0,9.77
20.75,9.44,3.29,0,1.0,9.72
20.76,9.85,3.29,0,1.0,9.74
20.77,8.48,3.29,0,1.0,9.55
20.79,8.95,3.29,0,1.0,9.46
20.8,8.96,3.29,0,1.0,9.38
20.81,9.35,3.29,0,1.0,9.38
20.82,10.2,3.29,0,1.0,9.5
20.84,10.19,3.29,0,1.0,9.61
20.85,10.59,3.29,0,1.0,9.75
20.86,9.11,3.29,0,1.0,9.66
20.87,11.01,3.29,0,1.0,9.86
20.89,8.91,3.29,0,1.0,9.72
20.9,8.9,3.29,0,1.0,9.6
20.91,9.32,3.29,0,1.0,9.55
20.92,10.14,3.29,0,1.0,9.64
20.94,9.24,3.29,0,1.0,9.58
20.95,10.55,3.29,0,1.0,9.73
20.96,10.96,3.29,0,1.0,9.91
20.98,10.96,3.29,0,1.0,10.07
20.99,10.85,3.29,0,1.0,10.19
21.01,10.96,3.29,0,1.0,10.3
21.02,10.53,3.29,0,1.0,10.34
21.03,10.95,3.29,0,1.0,10.43
21.05,11.0,3.29,0,1.0,10.51
21.06,11.34,3.29,0,1.0,10.64
21.08,10.96,3.29,0,1.0,10.69
21.09,11.37,3.29,0,1.0,10.79
21.1,10.53,3.29,0,1.0,10.75
21.11,10.57,3.29,0,1.0,10.72
21.13,10.94,3.29,0,1.0,10.76
21.14,10.53,3.29,0,1.0,10.72
21.15,10.95,3.29,0,1.0,10.76
21.16,9.25,3.29,0,1.0,10.53
21.18,8.85,3.29,0,1.0,10.28
21.19,9.26,3.29,0,1.0,10.13
21.2,10.1,3.29,0,1.0,10.12
21.21,10.08,3.29,0,1.0,10.12
21.23,9.19,3.14,0,1.0,9.98
21.24,9.59,3.22,0,1.0,9.92
21.25,9.16,2.77,0,1.0,9.81
21.27,10.49,2.46,0,1.0,9.91
21.28,12.21,2.67,0,1.0,10.25
21.3,10.05,2.56,0,1.0,10.22
21.31,9.23,2.45,0,1.0,10.07
21.32,9.87,2.51,0,1.0,10.04
21.33,9.69,2.66,0,1.0,9.99
21.35,9.66,2.61,0,1.0,9.94
21.36,10.09,2.57,0,1.0,9.96
21.37,10.06,2.58,0,1.0,9.98
21.38,10.09,2.6,0,1.0,9.99
21.39,10.05,2.56,0,1.0,10.0
21.41,10.05,2.53,0,1.0,10.01
21.42,9.55,2.5,0,1.0,9.94
21.43,10.08,2.54,0,1.0,9.96
21.45,10.49,2.51,0,1.0,10.04
21.46,10.1,2.58,0,1.0,10.05
21.47,10.08,2.57,0,1.0,10.05
21.49,10.1,2.55,0,1.0,10.06
21.5,10.49,2.54,0,1.0,10.13
21.52,10.49,2.65,0,1.0,10.18
21.53,10.09,2.66,0,1.0,10.17
21.54,10.51,2.7,0,1.0,10.22
21.56,10.51,2.65,0,1.0,10.26
21.58,10.49,2.6,0,1.0,10.3
21.59,10.49,2.65,0,1.0,10.32
21.6,10.48,2.6,0,1.0,10.35
21.62,10.49,2.56,0,1.0,10.37
21.63,10.49,2.57,0,1.0,10.39
21.64,10.52,2.65,0,1.0,10.41
21.65,10.5,2.69,0,1.0,10.42
21.67,10.5,2.65,0,1.0,10.43
21.68,10.49,2.56,0,1.0,10.44
21.69,10.49,2.51,0,1.0,10.45
21.71,10.46,2.52,0,1.0,10.45
21.72,10.49,2.54,0,1.0,10.46
21.73,10.51,2.53,0,1.0,10.46
21.75,10.49,2.52,0,1.0,10.47
21.76,10.48,2.52,0,1.0,10.47
21.77,10.52,2.5,0,1.0,10.48
21.78,10.47,2.51,0,1.0,10.48
21.8,10.51,2.52,0,1.0,10.48
21.81,10.51,2.53,0,1.0,10.48
21.82,10.48,2.53,0,1.0,10.48
21.83,10.49,2.54,0,1.0,10.49
21.85,10.49,2.52,0,1.0,10.49
21.86,10.47,2.51,0,1.0,10.48
21.87,10.49,2.51,0,1.0,10.48
21.89,10.49,2.52,0,1.0,10.49
21.93,0.0,2.51,0,1.0,8.91
21.94,10.55,2.51,0,1.0,9.16
21.95,10.49,2.5,0,1.0,9.36
21.97,10.47,2.51,0,1.0,9.53
21.98,10.48,2.51,0,1.0,9.67
21.99,10.48,2.49,0,1.0,9.79
22.01,10.49,2.48,0,1.0,9.9
22.02,10.49,2.48,0,1.0,9.98
22.04,10.47,2.47,0,1.0,10.06
22.05,10.06,2.47,0,1.0,10.06
22.06,10.47,2.47,0,1.0,10.12
22.08,10.51,2.46,0,1.0,10.18
22.09,10.49,2.47,0,1.0,10.22
22.11,10.49,2.48,0,1.0,10.26
22.12,10.48,2.49,0,1.0,10.3
22.14,10.52,2.49,0,1.0,10.33
22.15,10.51,2.49,0,1.0,10.36
22.17,10.48,2.48,0,1.0,10.37
22.18,10.48,2.48,0,1.0,10.39
22.19,10.49,2.47,0,1.0,10.41
22.21,10.51,2.48,0,1.0,10.42
22.22,10.45,2.5,0,1.0,10.43
22.23,10.5,2.47,0,1.0,10.44
22.24,10.49,2.47,0,1.0,10.44
22.26,10.49,2.48,0,1.0,10.45
22.27,10.49,2.49,0,1.0,10.46
22.28,10.49,2.49,0,1.0,10.46
22.29,10.47,2.49,0,1.0,10.46
22.31,10.5,2.49,0,1.0,10.47
22.32,10.49,2.49,0,1.0,10.47
22.34,3.91,2.47,0,1.0,9.49
22.35,10.42,2.47,0,1.0,9.63
22.37,10.48,2.47,0,1.0,9.76
22.38,4.6,2.47,0,1.0,8.98
22.4,10.49,2.49,0,1.0,9.21
22.41,10.5,2.51,0,1.0,9.4
22.43,10.92,2.51,0,1.0,9.63
22.44,10.9,2.52,0,1.0,9.82
22.46,10.46,2.51,0,1.0,9.92
22.48,0.0,2.49,0,1.0,8.43
22.49,10.93,2.48,0,1.0,8.8
22.51,24.36,2.49,0,1.0,11.14
22.52,10.89,2.5,0,1.0,11.1
22.54,10.47,2.49,0,1.0,11.0
22.55,10.48,2.5,0,1.0,10.93
22.56,10.49,2.49,0,1.0,10.86
22.57,10.52,2.49,0,1.0,10.81
22.59,10.49,2.49,0,1.0,10.76
22.6,10.5,2.5,0,1.0,10.72
22.61,5.18,2.52,0,1.0,9.89
22.63,8.79,2.54,0,1.0,9.73
22.64,10.92,2.53,0,1.0,9.9
22.65,10.9,2.55,0,1.0,10.05
22.67,10.88,2.54,0,1.0,10.18
22.68,10.89,2.54,0,1.0,10.29
22.69,10.51,2.52,0,1.0,10.32
22.71,10.92,2.52,0,1.0,10.41
22.72,10.92,2.53,0,1.0,10.49
22.73,9.17,2.52,0,1.0,10.29
22.74,10.9,2.52,0,1.0,10.38
22.76,10.9,2.52,0,1.0,10.46
22.77,9.2,2.53,0,1.0,10.27
22.78,10.92,2.52,0,1.0,10.37
22.79,10.89,2.52,0,1.0,10.45
22.8,10.92,2.5,0,1.0,10.52
22.82,10.49,2.5,0,1.0,10.51
22.83,11.08,2.5,0,1.0,10.6
22.84,10.91,2.51,0,1.0,10.64
22.86,10.48,2.52,0,1.0,10.62
22.88,10.94,2.52,0,1.0,10.67
22.89,10.92,2.51,0,1.0,10.71
22.91,10.45,2.53,0,1.0,10.67
22.92,9.2,2.54,0,1.0,10.45
22.93,8.78,2.55,0,1.0,10.2
22.95,10.92,2.54,0,1.0,10.3
22.98,0.0,2.54,0,1.0,8.76
23.01,10.89,2.54,0,1.0,9.08
23.02,10.94,2.55,0,1.0,9.36
23.03,9.19,2.54,0,1.0,9.33
23.04,10.9,2.54,0,1.0,9.57
23.06,10.9,2.56,0,1.0,9.77
23.07,9.21,2.53,0,1.0,9.68
23.09,9.17,2.52,0,1.0,9.61
23.1,10.5,2.52,0,1.0,9.74
23.11,10.89,2.51,0,1.0,9.91
23.12,8.77,2.5,0,1.0,9.74
23.14,10.9,2.5,0,1.0,9.92
23.15,2.68,2.49,0,1.0,8.83
23.16,10.92,2.5,0,1.0,9.14
23.18,9.2,2.5,0,1.0,9.15
23.19,10.48,2.49,0,1.0,9.35
23.2,8.78,2.49,0,1.0,9.27
23.21,10.49,2.49,0,1.0,9.45
23.23,10.5,2.48,0,1.0,9.61
23.24,10.49,2.48,0,1.0,9.74
23.26,10.48,2.49,0,1.0,9.85
23.27,10.89,2.5,0,1.0,10.01
23.28,10.5,2.51,0,1.0,10.08
23.29,10.5,2.5,0,1.0,10.14
23.31,10.5,2.51,0,1.0,10.2
23.32,10.5,2.51,0,1.0,10.24
23.33,10.47,2.5,0,1.0,10.28
23.35,10.48,2.49,0,1.0,10.31
23.36,10.89,2.49,0,1.0,10.39
23.37,9.2,2.49,0,1.0,10.22
23.39,10.92,2.5,0,1.0,10.32
23.4,10.88,2.5,0,1.0,10.41
23.41,9.22,2.5,0,1.0,10.23
23.43,10.88,2.49,0,1.0,10.33
23.44,9.18,2.5,0,1.0,10.15
23.46,9.18,2.48,0,1.0,10.01
23.48,10.87,2.49,0,1.0,10.14
23.49,9.19,2.49,0,1.0,9.99
23.5,10.87,2.48,0,1.0,10.13
23.52,10.51,2.48,0,1.0,10.18
23.53,8.75,2.48,0,1.0,9.97
23.54,10.88,2.47,0,1.0,10.1
23.55,10.48,2.47,0,1.0,10.16
23.57,10.47,2.47,0,1.0,10.21
23.58,10.49,2.47,0,1.0,10.25
23.59,10.88,2.48,0,1.0,10.34
23.61,9.17,2.48,0,1.0,10.17
23.62,10.88,2.48,0,1.0,10.28
23.63,10.9,2.48,0,1.0,10.37
23.64,9.2,2.48,0,1.0,10.19
23.66,10.49,2.48,0,1.0,10.24
23.67,10.5,2.48,0,1.0,10.28
23.68,10.48,2.47,0,1.0,10.31
23.7,10.47,2.47,0,1.0,10.33
23.71,10.51,2.47,0,1.0,10.36
23.72,9.19,2.48,0,1.0,10.18
23.74,10.93,2.49,0,1.0,10.3
23.75,10.49,2.5,0,1.0,10.33
23.76,10.47,2.51,0,1.0,10.35
23.77,9.18,2.51,0,1.0,10.17
23.78,10.91,2.51,0,1.0,10.28
23.8,10.92,2.49,0,1.0,10.38
23.81,10.9,2.48,0,1.0,10.46
23.82,9.18,2.49,0,1.0,10.26
23.84,9.19,2.49,0,1.0,10.1
23.85,9.19,2.5,0,1.0,9.97
23.87,9.19,2.51,0,1.0,9.85
23.88,9.18,2.52,0,1.0,9.75
23.9,10.94,2.52,0,1.0,9.93
23.91,9.16,2.52,0,1.0,9.81
23.92,9.19,2.51,0,1.0,9.72
23.94,10.49,2.51,0,1.0,9.83
23.95,10.89,2.5,0,1.0,9.99
23.96,9.19,2.49,0,1.0,9.87
23.98,10.49,2.5,0,1.0,9.97
23.99,8.76,2.51,0,1.0,9.78
24.0,8.75,2.52,0,1.0,9.63
24.02,8.77,2.52,0,1.0,9.5
24.03,9.18,2.53,0,1.0,9.45
24.04,8.76,2.53,0,1.0,9.35
24.05,9.19,2.53,0,1.0,9.32
24.07,9.19,2.53,0,1.0,9.3
24.08,9.2,2.52,0,1.0,9.29
24.09,10.91,2.51,0,1.0,9.53
24.1,9.18,2.53,0,1.0,9.48
24.12,9.18,2.53,0,1.0,9.43
24.13,9.22,2.52,0,1.0,9.4
24.14,9.18,2.51,0,1.0,9.37
24.16,9.2,2.51,0,1.0,9.34
24.17,9.18,2.51,0,1.0,9.32
24.18,9.09,2.51,0,1.0,9.28
24.19,9.2,2.51,0,1.0,9.27
24.21,9.12,2.5,0,1.0,9.25
24.22,9.16,2.51,0,1.0,9.24
24.23,9.19,2.52,0,1.0,9.23
24.25,9.19,2.52,0,1.0,9.22
24.26,9.17,2.54,0,1.0,9.22
24.27,9.2,2.53,0,1.0,9.21
24.28,9.16,2.53,0,1.0,9.2
24.29,9.17,2.53,0,1.0,9.2
24.31,9.18,2.52,0,1.0,9.2
24.32,9.2,2.51,0,1.0,9.2
24.34,9.18,2.51,0,1.0,9.2
24.36,9.21,2.51,0,1.0,9.2
24.37,9.18,2.5,0,1.0,9.19
24.39,9.09,2.51,0,1.0,9.18
24.41,9.19,2.5,0,1.0,9.18
24.42,9.11,2.51,0,1.0,9.17
24.43,9.19,2.51,0,1.0,9.17
24.45,9.16,2.52,0,1.0,9.17
24.46,9.2,2.51,0,1.0,9.18
24.47,9.19,2.5,0,1.0,9.18
24.49,9.19,2.51,0,1.0,9.18
24.5,9.18,2.51,0,1.0,9.18
24.51,9.18,2.51,0,1.0,9.18
24.53,9.19,2.51,0,1.0,9.18
24.54,9.2,2.52,0,1.0,9.18
24.55,9.16,2.52,0,1.0,9.18
24.57,9.2,2.51,0,1.0,9.18
24.58,9.18,2.5,0,1.0,9.18
24.59,9.18,2.5,0,1.0,9.18
24.6,9.16,2.51,0,1.0,9.18
24.62,9.18,2.52,0,1.0,9.18
24.63,9.19,2.53,0,1.0,9.18
24.65,9.2,2.53,0,1.0,9.18
24.66,9.19,2.53,0,1.0,9.19
24.67,9.16,2.52,0,1.0,9.18
24.68,9.16,2.52,0,1.0,9.18
24.7,9.2,2.53,0,1.0,9.18
24.71,9.19,2.52,0,1.0,9.18
24.72,9.21,2.52,0,1.0,9.19
24.74,9.18,2.53,0,1.0,9.19
24.75,9.2,2.53,0,1.0,9.19
24.76,9.18,2.54,0,1.0,9.19
24.77,9.19,2.53,0,1.0,9.19
24.78,9.19,2.53,0,1.0,9.19
24.8,9.2,2.53,0,1.0,9.19
24.81,9.22,2.54,0,1.0,9.19
24.82,9.16,2.53,0,1.0,9.19
24.83,9.21,2.52,0,1.0,9.19
24.86,0.0,2.52,0,1.0,7.81
24.87,9.18,2.52,0,1.0,8.02
24.89,9.19,2.51,0,1.0,8.19
24.9,9.14,2.51,0,1.0,8.34
24.91,9.17,2.5,0,1.0,8.46
24.93,9.2,2.5,0,1.0,8.57
24.94,9.53,2.5,0,1.0,8.72
24.95,9.16,2.51,0,1.0,8.78
24.97,9.18,2.51,0,1.0,8.84
24.98,9.2,2.5,0,1.0,8.9
25.0,9.19,2.51,0,1.0,8.94
25.01,9.21,2.5,0,1.0,8.98
25.02,9.2,2.5,0,1.0,9.01
25.03,9.19,2.5,0,1.0,9.04
25.05,9.19,2.5,0,1.0,9.06
25.06,9.2,2.5,0,1.0,9.08
25.07,9.17,2.5,0,1.0,9.1
25.09,9.18,2.51,0,1.0,9.11
25.1,9.2,2.52,0,1.0,9.12
25.12,9.2,2.51,0,1.0,9.14
25.13,9.21,2.51,0,1.0,9.15
25.14,9.16,2.5,0,1.0,9.15
25.16,9.15,2.5,0,1.0,9.15
25.17,9.19,2.51,0,1.0,9.15
25.18,9.19,2.5,0,1.0,9.16
25.2,9.21,2.5,0,1.0,9.17
25.21,9.19,2.52,0,1.0,9.17
25.22,9.19,2.52,0,1.0,9.17
25.23,9.19,2.52,0,1.0,9.18
25.24,9.2,2.51,0,1.0,9.18
25.26,9.21,2.51,0,1.0,9.19
25.28,9.2,2.51,0,1.0,9.19
25.3,9.19,2.51,0,1.0,9.19
25.31,9.16,2.49,0,1.0,9.18
25.33,9.22,2.49,0,1.0,9.19
25.34,9.18,2.5,0,1.0,9.19
25.36,9.2,2.49,0,1.0,9.19
25.37,9.2,2.5,0,1.0,9.19
25.38,9.2,2.5,0,1.0,9.19
25.39,9.16,2.5,0,1.0,9.19
25.41,9.17,2.5,0,1.0,9.18
25.42,9.19,2.49,0,1.0,9.19
25.44,9.17,2.48,0,1.0,9.18
25.45,9.17,2.48,0,1.0,9.18
25.46,9.17,2.48,0,1.0,9.18
25.48,9.19,2.49,0,1.0,9.18
25.49,9.18,2.48,0,1.0,9.18
25.5,9.16,2.49,0,1.0,9.18
25.51,8.78,2.48,0,1.0,9.12
25.53,9.19,2.49,0,1.0,9.13
25.54,9.18,2.49,0,1.0,9.14
25.55,8.77,2.49,0,1.0,9.08
25.57,9.19,2.48,0,1.0,9.1
25.58,9.19,2.48,0,1.0,9.11
25.59,9.18,2.49,0,1.0,9.12
25.61,9.17,2.48,0,1.0,9.13
25.62,9.18,2.49,0,1.0,9.14
25.63,10.49,2.49,0,1.0,9.34
25.64,10.89,2.5,0,1.0,9.57
25.66,10.9,2.5,0,1.0,9.77
25.67,11.42,2.48,0,1.0,10.02
25.68,10.9,2.48,0,1.0,10.15
25.7,0.0,2.52,0,1.0,8.63
25.72,10.51,2.53,0,1.0,8.91
25.73,10.91,2.51,0,1.0,9.21
25.74,10.93,2.52,0,1.0,9.47
25.75,10.47,2.52,0,1.0,9.62
25.78,0.0,2.53,0,1.0,8.18
25.8,8.87,2.52,0,1.0,8.28
25.81,10.47,2.52,0,1.0,8.61
25.83,10.48,2.52,0,1.0,8.89
25.84,10.49,2.51,0,1.0,9.13
25.86,10.48,2.52,0,1.0,9.33
25.87,10.47,2.51,0,1.0,9.5
25.88,10.47,2.51,0,1.0,9.65
25.89,10.48,2.52,0,1.0,9.77
25.91,10.49,2.52,0,1.0,9.88
25.92,5.0,2.51,0,1.0,9.15
25.94,10.49,2.51,0,1.0,9.35
25.95,10.49,2.52,0,1.0,9.52
25.96,10.49,2.52,0,1.0,9.67
25.98,10.48,2.51,0,1.0,9.79
25.99,10.47,2.52,0,1.0,9.89
26.0,10.93,2.52,0,1.0,10.05
26.01,9.18,2.53,0,1.0,9.92
26.03,9.19,2.52,0,1.0,9.81
26.04,9.22,2.51,0,1.0,9.72
26.06,9.24,2.52,0,1.0,9.65
26.08,9.2,2.53,0,1.0,9.58
26.09,9.2,2.53,0,1.0,9.52
26.1,9.18,2.52,0,1.0,9.47
26.11,9.17,2.51,0,1.0,9.43
26.13,9.19,2.51,0,1.0,9.39
26.14,9.18,2.52,0,1.0,9.36
26.15,8.76,2.51,0,1.0,9.27
26.16,9.18,2.52,0,1.0,9.26
26.18,9.18,2.55,0,1.0,9.24
26.19,9.19,2.51,0,1.0,9.24
26.2,9.2,2.5,0,1.0,9.23
26.21,9.18,2.5,0,1.0,9.22
26.23,9.19,2.5,0,1.0,9.22
26.24,9.22,2.49,0,1.0,9.22
26.25,9.19,2.49,0,1.0,9.21
26.26,9.19,2.5,0,1.0,9.21
26.28,9.16,2.51,0,1.0,9.2
26.29,8.74,2.51,0,1.0,9.13
26.31,9.16,2.5,0,1.0,9.14
26.32,9.18,2.5,0,1.0,9.14
26.33,9.16,2.51,0,1.0,9.15
26.35,9.2,2.5,0,1.0,9.16
26.36,9.63,2.5,0,1.0,9.23
26.38,9.18,2.5,0,1.0,9.22
26.39,9.61,2.5,0,1.0,9.28
26.4,9.62,2.51,0,1.0,9.33
26.42,9.6,2.51,0,1.0,9.37
26.44,9.63,2.52,0,1.0,9.41
26.45,9.6,2.51,0,1.0,9.44
26.47,9.61,2.51,0,1.0,9.46
26.48,9.2,2.52,0,1.0,9.42
26.49,9.2,2.52,0,1.0,9.39
26.51,9.19,2.52,0,1.0,9.36
26.52,9.2,2.53,0,1.0,9.34
26.53,9.2,2.53,0,1.0,9.32
26.54,8.76,2.53,0,1.0,9.23
26.56,27.38,2.52,0,1.0,11.95
26.57,9.19,2.52,0,1.0,11.54
26.59,9.19,2.52,0,1.0,11.19
26.6,9.18,2.52,0,1.0,10.89
26.61,9.16,2.52,0,1.0,10.63
26.63,9.16,2.51,0,1.0,10.41
26.64,38.66,2.51,0,1.0,14.65
26.65,9.17,2.51,0,1.0,13.83
26.67,9.17,2.5,0,1.0,13.13
26.68,9.2,2.5,0,1.0,12.54
26.69,9.2,2.51,0,1.0,12.04
26.7,9.18,2.52,0,1.0,11.61
26.72,9.19,2.52,0,1.0,11.25
26.73,9.21,2.51,0,1.0,10.94
26.74,9.17,2.5,0,1.0,10.68
26.75,9.18,2.5,0,1.0,10.45
26.77,9.18,2.51,0,1.0,10.26
26.78,9.18,2.53,0,1.0,10.1
26.8,9.12,2.51,0,1.0,9.95
26.81,9.22,2.52,0,1.0,9.84
26.83,9.1,2.53,0,1.0,9.73
26.84,9.19,2.52,0,1.0,9.65
26.86,9.21,2.5,0,1.0,9.58
26.87,9.18,2.5,0,1.0,9.52
26.88,9.19,2.51,0,1.0,9.47
26.9,9.19,2.52,0,1.0,9.43
26.91,9.19,2.52,0,1.0,9.39
26.92,8.75,2.51,0,1.0,9.3
26.94,9.15,2.51,0,1.0,9.28
26.95,9.2,2.5,0,1.0,9.27
26.96,9.19,2.5,0,1.0,9.25
26.97,4.82,2.49,0,1.0,8.59
26.99,9.2,2.49,0,1.0,8.68
27.0,9.2,2.5,0,1.0,8.76
27.01,8.79,2.5,0,1.0,8.76
27.03,9.17,2.5,0,1.0,8.82
27.04,9.19,2.5,0,1.0,8.88
27.05,9.17,2.52,0,1.0,8.92
27.06,9.2,2.52,0,1.0,8.96
27.08,10.46,2.51,0,1.0,9.19
27.09,9.2,2.5,0,1.0,9.19
27.1,9.11,2.5,0,1.0,9.18
27.12,9.18,2.5,0,1.0,9.18
27.13,9.2,2.49,0,1.0,9.18
27.14,9.18,2.49,0,1.0,9.18
27.15,10.26,2.49,0,1.0,9.34
27.17,9.21,2.49,0,1.0,9.32
27.18,9.21,2.49,0,1.0,9.31
27.19,9.2,2.49,0,1.0,9.29
27.2,9.17,2.49,0,1.0,9.27
27.22,9.19,2.49,0,1.0,9.26
27.23,9.17,2.48,0,1.0,9.25
27.25,21.69,2.48,0,1.0,11.11
27.28,0.0,2.49,0,1.0,9.45
27.3,9.19,2.5,0,1.0,9.41
27.31,9.2,2.52,0,1.0,9.38
27.33,9.21,2.52,0,1.0,9.35
27.34,9.19,2.51,0,1.0,9.33
27.35,9.16,2.51,0,1.0,9.3
27.37,9.21,2.51,0,1.0,9.29
27.38,10.34,2.52,0,1.0,9.45
27.39,9.19,2.52,0,1.0,9.41
27.41,9.18,2.53,0,1.0,9.37
27.42,8.93,2.53,0,1.0,9.31
27.43,9.16,2.52,0,1.0,9.29
27.45,8.81,2.51,0,1.0,9.21
27.46,9.23,2.51,0,1.0,9.22
27.47,9.16,2.51,0,1.0,9.21
27.48,8.78,2.51,0,1.0,9.14
27.5,9.16,2.52,0,1.0,9.15
27.51,9.2,2.53,0,1.0,9.15
27.52,9.2,2.52,0,1.0,9.16
27.54,10.93,2.52,0,1.0,9.43
27.56,8.75,2.52,0,1.0,9.32
27.57,9.2,2.51,0,1.0,9.31
27.58,9.17,2.53,0,1.0,9.29
27.59,7.6,2.53,0,1.0,9.03
27.61,9.2,2.52,0,1.0,9.06
27.62,9.17,2.52,0,1.0,9.07
27.63,10.92,2.53,0,1.0,9.35
27.64,10.9,2.54,0,1.0,9.58
27.66,9.19,2.54,0,1.0,9.53
27.68,9.21,2.54,0,1.0,9.48
27.69,8.8,2.54,0,1.0,9.38
27.7,10.91,2.54,0,1.0,9.61
27.72,10.93,2.54,0,1.0,9.8
27.73,10.89,2.54,0,1.0,9.97
27.74,10.4,2.55,0,1.0,10.03
27.76,10.89,2.55,0,1.0,10.16
27.77,9.18,2.54,0,1.0,10.01
27.78,10.47,2.54,0,1.0,10.08
27.8,10.89,2.54,0,1.0,10.2
27.81,10.49,2.54,0,1.0,10.25
27.83,89.7,2.54,0,1.0,22.16
27.85,10.48,2.53,0,1.0,20.41
27.86,10.89,2.53,0,1.0,18.98
27.87,10.48,2.54,0,1.0,17.71
27.89,10.86,2.54,0,1.0,16.68
27.9,10.51,2.54,0,1.0,15.76
27.92,17.23,2.54,0,1.0,15.98
27.93,9.21,2.54,0,1.0,14.96
27.94,9.17,2.54,0,1.0,14.09
27.95,10.51,2.53,0,1.0,13.55
27.97,10.92,2.53,0,1.0,13.16
27.98,8.79,2.53,0,1.0,12.5
27.99,10.92,2.53,0,1.0,12.27
28.01,10.87,2.53,0,1.0,12.06
28.02,10.91,2.53,0,1.0,11.88
28.03,8.75,2.54,0,1.0,11.41
28.04,8.77,2.54,0,1.0,11.02
28.06,9.17,2.54,0,1.0,10.74
28.08,8.81,2.53,0,1.0,10.45
28.09,9.18,2.54,0,1.0,10.26
28.1,10.92,2.53,0,1.0,10.36
28.11,9.16,2.53,0,1.0,10.18
28.13,9.18,2.53,0,1.0,10.03
28.14,10.89,2.53,0,1.0,10.16
28.15,10.9,2.53,0,1.0,10.27
28.16,10.49,2.53,0,1.0,10.3
28.17,9.18,2.53,0,1.0,10.13
28.19,9.2,2.54,0,1.0,9.99
28.22,0.0,2.55,0,1.0,8.5
28.23,9.2,2.55,0,1.0,8.6
28.25,10.9,2.56,0,1.0,8.95
28.27,9.15,2.56,0,1.0,8.98
28.3,10.89,2.56,0,1.0,9.26
28.32,10.93,2.56,0,1.0,9.51
28.35,0.0,2.57,0,1.0,8.09
28.36,9.2,2.56,0,1.0,8.25
28.38,9.22,2.56,0,1.0,8.4
28.39,9.2,2.54,0,1.0,8.52
28.4,9.17,2.54,0,1.0,8.62
28.41,10.91,2.55,0,1.0,8.96
28.43,9.18,2.55,0,1.0,8.99
28.44,8.77,2.56,0,1.0,8.96
28.45,10.49,2.54,0,1.0,9.19
28.47,9.18,2.52,0,1.0,9.19
28.48,9.18,2.53,0,1.0,9.19
28.49,9.18,2.53,0,1.0,9.19
28.5,9.2,2.53,0,1.0,9.19
28.52,9.19,2.53,0,1.0,9.19
28.53,9.18,2.53,0,1.0,9.19
28.55,10.46,2.53,0,1.0,9.38
28.56,10.91,2.53,0,1.0,9.61
28.57,9.21,2.52,0,1.0,9.55
28.58,10.91,2.54,0,1.0,9.75
28.6,10.92,2.53,0,1.0,9.93
28.61,10.89,2.54,0,1.0,10.07
28.62,8.8,2.54,0,1.0,9.88
28.64,10.89,2.53,0,1.0,10.03
28.65,8.77,2.53,0,1.0,9.85
28.66,9.2,2.52,0,1.0,9.75
28.67,8.77,2.52,0,1.0,9.6
28.69,8.77,2.51,0,1.0,9.48
